{
    "Total records processed": 46563,
    "Total dirty records": 141,
    "Total run duration": 3.988957,
    "AVG duration": 37849.965490500195,
    "P95 ": 68496.0,
    "Top 25 destination cities": [
        116,
        7,
        97,
        78,
        5,
        90,
        45,
        76,
        47,
        32,
        108,
        49,
        68,
        107,
        13,
        33,
        34,
        23,
        114,
        6,
        120,
        74,
        39,
        93,
        60
    ],
    "Max Arrived City": 45,
    "Max left city": 38
}